Name,Address,Phone,Website,Google Rating (out of 5),Number of reviews
Renew Vitality Testosterone Clinic of Los Angeles,"9301 Wilshire Blvd ste 404, Beverly Hills, CA 90210",(323) 672-3050,vitalityhrt.com,5,48
Testosterone Replacement Therapy: Dr. Christopher Asandra,"150 N Robertson Blvd #250N, Beverly Hills, CA 90211",(424) 542-8881,asandramd.com,4.8,50
Ageless Men's Health,"11633 San Vicente Blvd #214, Los Angeles, CA 90049",(310) 979-8378,https://www.agelessmenshealth.com/,5,1
Thrive Men's Clinic | Testosterone Replacement Therapy (TRT),"18740 Ventura Blvd #101, Tarzana, CA 91356",(818) 906-8888,mensthrive.com,5,154
EHormones MD - Los Angeles,"12340 Santa Monica Blvd Suite 302, Los Angeles, CA 90025",(310) 295-1882,https://ehormones.com/,4.9,18
The Man Clinic,"2512 Artesia Blvd #165, Redondo Beach, CA 90278",(310) 413-1771,http://www.manclinics.com/,5,15
Gent's Doctor Menâ€™s Health Clinic in Beverly Hills,"1125 S Beverly Dr Suite 420, Los Angeles, CA 90035",(424) 284-6760,https://www.gentsdoctor.com/,3.2,24
The HOT Clinic,"16500 Ventura Blvd Suite 420, Encino, CA 91436",(818) 646-0259,https://www.thehotclinic.com/,3.4,5
Health and Hormone Clinic in Santa Monica,"1333 2nd St, Santa Monica, CA 90401",(626) 375-4216,http://santa-monica.hormone-clinic.com/,5,1
Androgenix Health,"1141 N Brand Blvd #302, Glendale, CA 91202",(818) 549-0977,http://www.androgenixhealth.com/,4.5,4